{"cameraMode":{"drawMode":0,"name":"Shaded","section":"Shading Mode"},"sceneLighting":true,"audioPlay":false,"sceneViewState":{"showFog":true,"showMaterialUpdate":false,"showSkybox":true,"showFlares":true,"showImageEffects":true,"showParticleSystems":true},"in2DMode":false,"pivot":{"x":-11.92007827758789,"y":49.22609329223633,"z":-57.94698715209961},"rotation":{"x":-0.25115078687667849,"y":0.18759985268115998,"z":-0.04968488588929176,"w":-0.948296308517456},"size":117.43850708007813,"orthographic":false}