{"cameraMode":{"drawMode":0,"name":"Shaded","section":"Shading Mode"},"sceneLighting":false,"audioPlay":false,"sceneViewState":{"showFog":true,"showMaterialUpdate":false,"showSkybox":false,"showFlares":true,"showImageEffects":true,"showParticleSystems":true},"in2DMode":false,"pivot":{"x":0.040995121002197269,"y":-0.048948854207992557,"z":0.0385991632938385},"rotation":{"x":0.1937902718782425,"y":0.09256088733673096,"z":-0.018380632624030114,"w":0.9765036106109619},"size":5.048429012298584,"orthographic":false}